accuracy,precision,recall
0.778180360721,0.00361419392523,0.207112970711
0.788368737475,0.00386528893992,0.213530655391
0.77654509018,0.00366473149492,0.194980694981
