accuracy,precision,recall
0.765279279279,0.00331465075634,0.206766917293
0.774236236236,0.00382438290402,0.216641298833
0.767857857858,0.00326697739252,0.1953125
