accuracy,precision,recall
0.72223023023,0.00333086602517,0.246509129968
0.731627627628,0.00400309432432,0.270421106038
0.724488488488,0.00345428199236,0.245833333333
