accuracy,precision,recall
0.736248496994,0.00349125654611,0.238493723849
0.745490981964,0.00399632084747,0.266384778013
0.734669338677,0.0042300669507,0.26833976834
