accuracy,precision,recall
0.650396396396,0.00412736864463,0.386143931257
0.657931931932,0.00459931948844,0.397767630644
0.65186986987,0.00413482886883,0.3734375
