accuracy,precision,recall
0.665482965932,0.00451608253861,0.393305439331
0.668120240481,0.00414334520608,0.361522198732
0.661563126253,0.00484445499881,0.393822393822
